model,param_clf__C,param_clf__class_weight,mean_train_roc_auc,mean_test_roc_auc,std_test_roc_auc,mean_test_f1,mean_test_avg_precision,mean_fit_time,rank_test_roc_auc,param_clf__n_estimators,param_clf__min_samples_leaf,param_clf__max_features,param_clf__max_depth
LogisticRegression,1000.0,,0.8923949746259726,0.8909761456992037,0.0034115961465188923,0.6263836352711282,0.7118002649908536,0.9343225955963135,1,,,,
LogisticRegression,100.0,,0.8923892050791032,0.8909637458883811,0.003427397696384915,0.6263285963500796,0.7117289940559746,1.1237638473510743,2,,,,
LogisticRegression,10.0,,0.8923688365212034,0.8909026454386988,0.00339490572011772,0.6257601507429725,0.7115920754966222,0.8338105201721191,3,,,,
LogisticRegression,100.0,balanced,0.8922318305229231,0.8908564134084129,0.003310949110938461,0.660557682757003,0.708479748786939,1.1066696166992187,4,,,,
LogisticRegression,1.0,,0.8922745822826089,0.8908498802143588,0.003340424833737781,0.6250010020248906,0.7114064567794927,0.5927829742431641,5,,,,
LogisticRegression,1000.0,balanced,0.8922276866491335,0.8908458184387973,0.003317259978765058,0.6609762434576554,0.7084483287052934,0.9045817852020264,6,,,,
LogisticRegression,10.0,balanced,0.8922104787696439,0.8908293891285073,0.003332406263929927,0.6607335925219016,0.7083616136072386,1.1466087818145752,7,,,,
LogisticRegression,1.0,balanced,0.8920889011693186,0.8906961876249688,0.0033225049663400596,0.660705340413344,0.7079384610892674,0.9938430309295654,8,,,,
LogisticRegression,0.1,,0.8918563234224379,0.890608501546485,0.00346527485445609,0.6213422743144008,0.7099789008004131,0.55575532913208,9,,,,
LogisticRegression,0.1,balanced,0.8916907448843568,0.8904370450493027,0.0033806829818562186,0.660908653561285,0.7067674204947851,0.8454110622406006,10,,,,
LogisticRegression,0.01,balanced,0.8889403046933276,0.8880794022944005,0.0036187455991506068,0.6565760351266394,0.6976010273877029,0.4040988922119141,11,,,,
LogisticRegression,0.01,,0.8887200951335693,0.887889783678369,0.0037984653325180877,0.6000669327632467,0.7000539102785843,0.5106825351715087,12,,,,
LogisticRegression,0.001,balanced,0.8779628599489484,0.8775257392632299,0.003770719418053586,0.6452888846570815,0.6659338136415488,0.3267650604248047,13,,,,
LogisticRegression,0.001,,0.8769771926235442,0.8765656460452224,0.003999119020793302,0.5291770353355193,0.666478749341704,0.29872727394104004,14,,,,
RandomForest,,balanced,0.9316613398613945,0.8910611353378617,0.003892578674545136,0.6643577102704676,0.7141383958945606,0.8679187774658204,1,300.0,10.0,sqrt,
RandomForest,,,0.9545810874011776,0.8900963147542758,0.0039677050052172955,0.6231496412114155,0.712358683586513,0.5334751605987549,2,200.0,5.0,sqrt,30
RandomForest,,,0.9223668059904249,0.8893521307586163,0.0036675230935123617,0.5888472699832288,0.7127829764876179,0.7703897476196289,3,200.0,1.0,sqrt,10
RandomForest,,,0.9022340125435072,0.8889244932831989,0.0036758937558913525,0.5811118073167938,0.7103665468980409,0.6976990699768066,4,300.0,20.0,sqrt,10
RandomForest,,,0.9384008728692474,0.8888851233878299,0.003475694550341463,0.6227994538954917,0.7109768221479876,0.683119249343872,5,200.0,10.0,0.3,15
RandomForest,,balanced_subsample,0.946353300433123,0.8888112135626779,0.0035840937086134956,0.6639156885401698,0.7099669379102428,1.4453303337097168,6,300.0,10.0,0.3,20
RandomForest,,balanced_subsample,0.9497256021207461,0.8884045525960731,0.0037549850807395892,0.6625549057995551,0.7094093730623175,0.9167552947998047,7,200.0,10.0,0.3,
RandomForest,,,0.9294497203788017,0.8880431967947564,0.0038790259820995986,0.6221259120445897,0.7105702974784794,1.1389610767364502,8,300.0,5.0,0.5,10
RandomForest,,balanced,0.9296058972932523,0.8879955565774733,0.003171427370645894,0.658987737027134,0.708082070594054,1.0518674850463867,9,200.0,20.0,0.5,20
RandomForest,,balanced_subsample,0.9551481621415352,0.8871630357698093,0.0032195180729815117,0.6594248639833988,0.707396531907023,1.8018325328826905,10,300.0,10.0,0.5,30
RandomForest,,balanced,0.9552028160834404,0.8871519973646335,0.003424831750899695,0.6606316664557843,0.7062848828628694,1.3678341865539552,11,300.0,10.0,0.5,30
RandomForest,,,0.9522535841169797,0.8870495684492381,0.0033306011509162724,0.6246396461405247,0.7059177205580353,1.4723318576812745,12,300.0,10.0,0.5,20
RandomForest,,,0.9843847332645866,0.8869224443158691,0.003811074579236053,0.6218589889266826,0.7087531309585761,0.720673656463623,13,200.0,1.0,0.3,15
RandomForest,,balanced_subsample,0.9742994353991479,0.8858668359306552,0.0033735332402234676,0.6596933066877889,0.7043352752411931,1.7531191825866699,14,300.0,5.0,0.5,20
RandomForest,,balanced_subsample,0.9823093418890684,0.8855360871695981,0.0032826649261638832,0.6549618604228031,0.7034783124558599,1.8047556400299072,15,300.0,5.0,0.5,
RandomForest,,balanced_subsample,0.9819032757086464,0.8852539916585002,0.0033916353580862673,0.6557174773824359,0.7034412187514796,1.3057275772094727,16,200.0,5.0,0.5,30
RandomForest,,balanced,0.9734839846004935,0.8852445379810627,0.003559708516620781,0.6579333556398204,0.7024119880594955,1.370375680923462,17,300.0,1.0,0.5,15
RandomForest,,balanced_subsample,0.999996226683683,0.882282135536492,0.003924103664945067,0.6154784379568417,0.6930436028106471,0.9983213424682618,18,200.0,1.0,0.3,30
RandomForest,,,1.0,0.8822682753748088,0.0034093256432592522,0.6150790095795389,0.6947069760194877,1.0470407485961915,19,300.0,1.0,0.3,30
RandomForest,,,1.0,0.8795070047517749,0.003514928941781397,0.6178894783031291,0.6902796369997418,1.112545919418335,20,200.0,1.0,0.5,30
