,LogisticRegression,RandomForest
index_weight,0.0005335015178841385,0.0003268543775184929
geological_era,0.0006573978844022444,0.00035087098232702287
region,0.0010953733100805385,0.0004289202899631306
load_ratio,0.004398678124083832,0.0013842433185768054
species,0.0039919112422800666,0.0025642989163648044
stability_index,0.18142198547203456,0.0027513700706027324
brew_preference,0.009041602696914942,0.0030141118514211973
mineral_type,0.05762288402967197,0.003332333417798283
performance_score,0.07242333566853967,0.0034173572915579655
activity_duration,7.949017971145e-05,0.008593652958507914
instrument,0.009908666100254804,0.011686615292124402
personal_interest,0.017309562670482358,0.012884153885137705
aptitude_score,0.0023874753436975648,0.016331521064059197
composite_rank,0.02541600833718378,0.018157963054052505
weather_pattern,0.10677876899839504,0.052067651428202334
